Column,Units,Interpretation
plot,NA,Plot of the FAB experiment. GEN means that samples do not come from a specific individual (mostly traps). MPLS means that samples come from a residential property in Minneapolis.
individual,NA,"Individual of the experiment. When plot is a number, individual corresponds to a row and column within the plot. When plot is GEN, this refers more to a collection period. When plot is MPLS, this is a specific tree."
species,NA,Species code within FAB
number,NA,"Number for the particular individual, to distinguish samples from the same individual (or GEN)"
ID,NA,"Combination of plot, individual, species, and number"
latin_genus,NA,Latin genus
latin_species,NA,Latin species
latitude,decimal,Latitude
longitude,decimal,Longitude
solubles,%,Percent soluble in neutral detergent
hemicellulose,%,Percent hemicellulose and bound protein
recalcitrant,%,"Percent cellulose, AUR, and potentially ash"
Cmass,%,Percent carbon
Nmass,%,Percent nitrogen
LMA,g/m2,Leaf dry mass per area
Carea,g/m2,Leaf carbon per area
Narea,g/m2,Leaf nitrogen per area
